"","state","confirmed","deaths","active","people_tested","negative","positive","totaltestresults","mortality_rate","incident_rate","density","pop","landarea","num_hospitals","num_beds","state_population","hospitals_per_100k","beds_per_100k","state_area_sqmiles","hospitals_per_1000sqmile","beds_per_1000sqmile","num_colleges","avg_cost","vote_diff","pct_diff","party","republican","never","rarely","sometimes","frequently","always","population","pct_never","pct_rarely","pct_sometimes","pct_frequently","pct_always","status.of.reopening","stay.at.home.order","mandatory.quarantine.for.travelers","non.essential.business.closures","large.gatherings.ban","restaurant.limits","bar.closures","face.covering.requirement","emergency.declaration","start.of.stay.at.home","end.of.stay.at.home","masks.required.","travel.restrictions","had.stay.at.home","ongoing.stay.at.home","region","duration","log_confirmed","log_deaths","log_active","log_people_tested","log_negative","log_positive","log_totaltestresults","log_density","log_num_hospitals","log_num_beds","log_hospitals_per_100k","log_beds_per_100k","log_state_area_sqmiles","log_hospitals_per_1000sqmile","log_beds_per_1000sqmile","log_num_colleges","log_never","log_rarely","log_sometimes","log_frequently","log_always","log_population","confirmed_per_100k","deaths_per_100k","active_per_100k","people_tested_per_100k","negative_per_100k","positive_per_100k","totaltestresults_per_100k","num_colleges_per_100k","never_per_100k","rarely_per_100k","sometimes_per_100k","frequently_per_100k","always_per_100k"
"1","AK",-0.775627430937203,-0.701411340270827,-0.529735420830515,-0.631986792140951,-0.553842137726888,-0.777438763811785,-0.63058262783713,-1.15493346381353,-1.2251995508204,-0.757685011528182,-0.785821483461231,5.8264883220453,-0.927507056283683,-0.873568520460963,-0.785821483461231,0.643271851713954,-0.831888440150274,5.8264883220453,-1.06602226518786,-0.753699763972612,-0.945006389000406,-0.927288175144753,-0.133508400496565,0.318401405357927,"R","1",-1.07187638906065,-1.08112415293227,-1.03633592448917,-0.894344044579947,-0.697286862033794,-0.790504784040943,0.281115879828326,0.327380952380952,0.376706827309237,0.827087442472058,0.549149892515145,"reopened","lifted","All Travelers","all reopen","normal","reopened","reopened","employees","Yes","28-Mar","24-Apr","0","1","1","0","west","27",-1.5632125449395,-2.16727209385678,-1.02197543625911,-0.939941969777254,-0.740801889565875,-1.48510590201618,-0.933526129226239,-3.09083553173956,-1.43746150217469,-1.8643045218762,0.910974597715157,-0.81776834894531,2.21658844399949,-3.76295402168859,-3.24537918330621,-2.27335399571334,-1.66225272834612,-1.52026912752977,-1.81834698109231,-1.49651791316823,-1.51334758880439,-1.68976055176993,-0.767009091204717,-1.20007689970278,-0.447260763617932,1.99180165147699,3.30239919876689,-0.561527491728678,2.01086924818572,-1.06788148022096,-0.127771324553315,-0.0728342550789119,-0.536392908118943,1.16227591919226,-0.146317378994867
"2","AL",0.0662855039162015,-0.255292324350112,0.0449893892778854,-0.403683256972984,-0.361655009281714,0.0702214328402674,-0.404555634960009,-0.527607907280795,1.72422961030454,-0.40005143717164,-0.227719672124693,-0.232963475848565,-0.127175908426604,-0.00341800932953104,-0.227719672124693,-0.232435924469035,1.03277385035792,-0.232963475848565,-0.340994460197926,-0.274985604641801,-0.321800736781913,-0.605898092458496,-0.848063096711239,0.603645147123408,"R","1",0.339440312954517,0.244815265312749,0.207353874237535,-0.0816606936185242,-0.321926835655348,-0.222809086339898,0.425608011444921,0.41468253968254,0.808032128514056,0.704799474030243,0.415282392026578,"paused","lifted","-","all restricted reopen","normal","reopened","reopened","public","Yes","4-Apr","30-Apr","1","0","1","0","south","26",0.551282486509385,0.296649542501283,0.716025648426194,-0.144644535657731,-0.072828182138081,0.551230335846968,-0.146420860327626,0.012838275841009,0.230479324915215,0.457048750169813,0.00279445427773023,1.04872098628612,0.149415193567258,0.0208460947972405,0.213017601380963,0.0190359758699269,0.632320661153701,0.551028576512409,0.572935399998558,0.349782755805291,0.0588492158742863,0.194948678412021,1.20846271765565,0.0284389856674778,1.00230821064617,-0.782028168255431,-0.736076853827429,1.19172329706231,-0.784249053540026,-0.640334229131572,0.462285595052616,0.275831276626818,1.05101084886801,0.682829560450621,-0.65249819558443
"3","AR",-0.3180078638567,-0.425735936937404,-0.50648175064552,-0.4085527279783,-0.34742742388962,-0.319235049217249,-0.409018978527488,-0.439890585136852,0.256200431613016,-0.544095021415167,-0.477667884993755,-0.216765970484922,-0.236810312242642,-0.381600957873294,-0.477667884993755,0.36494612439998,0.923674174748957,-0.216765970484922,-0.437407732138076,-0.473440298611008,-0.284030697253519,-1.12184182801087,-0.473056245574295,0.586078173034695,"R","1",-0.265288767395868,-0.340214751748905,-0.338578090687545,-0.445904911280126,-0.495054889722185,-0.479151964049109,0.427753934191703,0.412037037037037,0.782329317269076,0.724523339907955,0.416259527066641,"paused","no data","Lifted","no data","normal","restricted","reopened","no data","no data",NA,NA,"1","0","0","0","south","no data",0.115226601214522,-0.010782901601429,-0.696265764401526,-0.156131598813792,-0.0385542321414915,0.114136447492559,-0.156976333758686,-0.350902074760796,0.100542831706678,-0.0297717016549229,0.66846100779043,0.961642743498181,0.172525334246276,-0.115505909663092,-0.167086734937471,0.0752138907456966,0.141035777735688,0.0736562818646444,0.0753199177334181,-0.123143685976972,-0.36462554793128,-0.28062421445682,0.970732904674336,0.0603844233091696,-0.924310688904955,0.083312791896482,0.478758625273886,0.961253563990349,0.0798372177722093,1.16851952547739,0.470913789992854,0.266803056572511,0.954410146970893,0.759666909385503,-0.648244817326669
"4","AZ",0.32999362883448,0.22351232354478,0.53343656327934,-0.281506846949957,-0.256100670390257,0.338062363138719,-0.281684041118641,0.0356288964450875,1.6839531442483,-0.519593951566568,0.102475550711451,0.500573765256407,-0.149102789189812,-0.241549758072693,0.102475550711451,-0.700837758241331,-1.35076048935437,0.500573765256407,-0.757499794979377,-0.595954822799936,-0.10462300949365,0.20079875539063,-0.191937614832786,0.0726833552920511,"R","1",-0.352624586748587,-0.229819838339206,-0.100568726444985,-0.0508039040794382,0.173102226748659,0.098644311534072,0.103004291845494,0.159391534391534,0.308433734939759,0.268244575936884,0.828805940981043,"restricted","lifted","Lifted","new closures","new limits","new limits","closed","employees","Yes","31-Mar","15-May","0","0","1","0","west","45",0.752860212724067,0.768710410730833,1.06280449788172,0.105177642018384,0.154990279100675,0.753888681435488,0.105271297902824,-0.274550738623047,0.205598469806082,0.180014805413986,-0.77280710934377,-1.5588203695526,0.838885696518608,-0.787168387710384,-0.571917398876657,0.308229750026016,0.045388886047234,0.183608807291343,0.324050881772627,0.381178148946402,0.704861692790416,0.579691463554401,0.723217336522532,0.586352219441277,1.49126845140652,-0.951839095864784,-0.969002963980784,0.709378126409564,-0.950468932905766,-0.936328479885766,-0.855815082712479,-0.740991134574378,-0.78705645004528,-1.03161363413105,0.910865363114415
"5","CA",3.61753125791888,2.05295106145553,4.50796691074,4.60812714777143,4.69111012339161,3.62268775921956,4.61243578615895,-0.308847467346425,-0.512145519455814,0.196220291351074,4.45526722082941,0.992150573720611,3.69906478475313,3.86514709545788,4.45526722082941,-0.816241108591028,-0.779728144677652,0.992150573720611,0.0215194422970417,0.0333697258639911,4.02175380898334,0.578218895452489,5.56012646303679,0.656126482213439,"D","0",2.73998530874241,1.86177555144922,3.15890861277207,3.9967102289847,4.68372608054975,4.46043359877204,0.0693848354792561,0.0634920634920635,0.175903614457831,0.20249835634451,0.919679499706859,"reopened","statewide","-","new closures","all banned","restricted","closed","public","no data","19-Mar",NA,"1","0","1","1","west","no data",1.80707698719267,1.48230383825574,1.96210042160842,2.29083709591254,2.35496772374293,1.80420505653575,2.29063677493601,0.711340163038212,2.05241810819001,2.02382256310415,-1.02861715426126,-0.750756605015558,1.10843596306168,0.410345598251597,0.567544592914722,2.14331852782426,1.57147533010518,1.25810359267456,1.6909587638967,1.9981653116068,2.22954726663842,2.22712828174814,-0.243191024813679,-0.337801622256171,1.08791621502194,0.192020205805399,0.720978494733683,-0.278606367239015,0.197489835877415,-0.936328479885766,-0.99250170225169,-1.12436333922412,-1.2755274776888,-1.29001605541547,1.25372280623869
"6","CO",-0.376870932490788,-0.358610809809949,-0.0824025200607214,-0.251750846052805,-0.391830262567346,-0.382526705267369,-0.247662991475597,-0.0280441501954407,-0.491416958673114,-0.551580825780759,-0.102464818133425,0.384604288005351,-0.214883431479435,-0.374782822847088,-0.102464818133425,-0.544703813650566,-1.28317057768173,0.384604288005351,-0.749786733224165,-0.613248976459029,-0.227375637960929,0.564411862023281,0.108273616679159,0.102766798418972,"D","0",-0.547728507982117,-0.198976659688797,-0.227467354865361,0.0417944398683178,-0.100709857071488,-0.107037218815287,0.100143061516452,0.225529100529101,0.369477911646586,0.648257725180802,0.684385382059801,"restricted","lifted","-","some restricted reopen","above 25 banned","restricted","closed","public","Yes","26-Mar","26-Apr","1","0","1","0","west","31",0.0205085284181622,0.127843483378586,0.57758382862073,0.157089022445147,-0.150138809435919,0.0131348671702249,0.164428466174228,-0.375946691925311,0.127685769363692,-0.0184347974347037,-0.475806027163757,-1.45360344863532,0.760627508684482,-0.764169143137243,-0.653120422218242,0.154360065928008,-0.207801011018849,0.212220948162418,0.199409567207469,0.469856509032871,0.407083290113572,0.351577633128983,-0.909202717715825,-0.472878000315923,0.262719410333689,-0.531706656381976,-1.11926697022451,-0.922171592266332,-0.51793841133722,-0.722554854341071,-0.867993313837068,-0.478600244597432,-0.564563926000707,0.460700896881588,0.364827312446305
"7","CT",-0.511569312059204,0.0175131210538711,-0.265532321584023,-0.151799193253471,-0.0712604764204762,-0.518657276219681,-0.157109401415852,2.77527510413003,-1.01097205120326,1.98931575051141,-0.407603989977432,-0.766700409784465,-0.872689854375664,-0.477893143530292,-0.407603989977432,-1.02668251216989,-0.421433340174612,-0.766700409784465,1.22861360698773,1.78826971094429,-0.387898305956602,0.370886763415144,0.224299810543219,0.294466403162055,"D","0",-0.91480487918798,-0.948027733968785,-0.716507839838458,-0.651845757954773,-0.269923824120062,-0.403851420481803,0.0522174535050071,0.076058201058201,0.224096385542169,0.0769230769230769,0.94625757279656,"reopened","lifted","From Certain States (New)","all restricted reopen","above 25 banned","restricted","closed","public","Yes","23-Mar","20-May","1","1","1","0","northeast","58",-0.251984848295864,0.604956413449378,0.294675840567272,0.312935484190495,0.45257651002534,-0.261027425831005,0.305725277223964,1.46850628470532,-1.21146154376392,-0.205910841364243,-1.61522178274852,-0.320153691184862,-1.85424958261236,1.13292474084887,1.40639869632841,-0.086898641078259,-0.981018338125551,-0.977145537189394,-0.530402883984435,-0.542429289168139,0.154120388198359,-0.115362731607123,-0.677906688553149,1.78745036699308,0.258561247563179,0.98557804395433,1.82847341991218,-0.694015454970387,0.959652326374072,-0.0154574775393858,-1.06201228729343,-1.0752463395891,-1.09719476786887,-1.78337790056298,1.35421523767511
"8","DE",-0.719618538397172,-0.60383277066987,-0.500688349785362,-0.698183947820156,-0.627820126280228,-0.728174310809187,-0.697726945620148,0.265083666062946,-0.0310351375371693,1.12338042846816,-0.752547149347551,-0.800412196127642,-1.09195866200774,-0.825562143514148,-0.752547149347551,-0.952009756061258,-0.372959767156861,-0.800412196127642,0.700268876755704,1.01268684956938,-0.897793839589914,0.740402725501242,-0.00503429518794963,0.245937637241985,"D","0",-1.14308799066127,-1.22119179909697,-1.04405592009924,-0.948186629058058,-0.629204912884069,-0.754532393846314,0.0608011444921316,0,0.179919678714859,0,1,"restricted","lifted","Lifted","some restricted reopen","normal","restricted","new limits","public","Yes","24-Mar","31-May","1","0","1","0","south","68",-1.05386137959068,-0.650795441006585,-0.63708337935707,-1.40104206606107,-1.23571275228817,-1.063467598731,-1.40047892802135,1.19716465662323,-2.60880491860511,-1.43921127140117,-1.38470809696742,-0.265509173935849,-2.63096866173562,0.879091259312692,1.14567205415592,-1.79565254344164,-2.23958784717276,-3.04002362664133,-1.88563446022084,-1.9357628752023,-0.943822361335114,-1.37926924056914,-0.081245782038203,0.314690230047362,-0.123038991614861,-0.341266888678218,-0.0570578082873691,-0.0928562653418531,-0.34365272078534,-0.788331354508669,-1.02703785673649,-1.37769171140839,-1.26031595554891,-2.086633746571,1.55734266875869
"9","FL",2.98935125412961,1.90530767019657,3.78446665149425,1.02250123606045,0.931391980129187,3.02838333996735,1.01060882701736,-0.188342090111254,1.45852122768993,0.771185636142447,2.05627934851905,-0.198237888809965,1.36385198347151,2.38013493220904,2.05627934851905,-0.856971702832097,-0.0206729548025002,-0.198237888809965,0.592286012182735,0.833067372456615,1.83109151633652,0.572340446371265,-0.220527716166081,0.0212999560825649,"R","1",2.43494595674385,2.20106337864652,2.29087546523534,2.11692774964461,1.88123275032807,2.02003422565876,0.183118741058655,0.19047619047619,0.368674698795181,0.345825115055884,0.761579050224741,"reopened","lifted","Lifted","all reopen","normal","reopened","reopened","employees","Yes","3-Apr","30-Apr","0","0","1","0","south","27",1.68743601362085,1.44616555373838,1.87175038854001,1.27618889215102,1.28782725313882,1.69131216354693,1.27010722418713,1.04872040966538,1.27702276292895,1.66762253358889,-1.12828803339568,0.109419914164151,0.198215471292349,0.81798243717658,1.06889731593965,1.52863007825765,1.49049556208861,1.35804054476221,1.47317787467304,1.5334536567262,1.60276338316912,1.6334694449665,1.08469993063743,0.480957429111601,2.44042656582365,-0.716594488521432,-0.680291012889087,1.05866187845731,-0.723164594037263,-0.837663729634368,-0.529115333016281,-0.619173482742841,-0.566810041568284,-0.728298386455,0.656440373379838
"10","GA",0.886203043723521,0.532670569388335,1.39369082190129,0.250774260585748,0.263904338115531,0.899349593670488,0.247436421857492,-0.115416949840279,0.746668675639277,-0.0644261575662332,0.551352124031855,-0.152931485317993,0.57448427599604,0.469492306996363,0.551352124031855,-0.558280678397589,-0.477416903378212,-0.152931485317993,-0.00161974296859453,-0.12267719197087,0.24474985614399,-0.093482821004694,-0.350084649965476,0.107597716293369,"R","1",1.79159941919883,1.59386348713376,1.41604650182289,0.824710234320037,0.309014840985774,0.550432958541231,0.366952789699571,0.355820105820106,0.675502008032128,0.556213017751479,0.52530779753762,"reopened","high risk","-","all reopen","normal","reopened","reopened","employees","Yes","3-Apr","30-Apr","0","0","1","0","south","27",1.0595948738312,0.956716657939193,1.4030602702863,0.762855222396243,0.824039657073856,1.06062488378681,0.760232934978233,0.483507922439739,0.835591744412302,0.845890722593467,-0.49978293847818,-0.384268794926252,0.25795861355109,0.38962207716549,0.409846481215672,0.654540116297135,1.29502428202261,1.17118512035296,1.18920834580695,1.01016972623484,0.821782510860575,0.947364519228939,0.763050763244137,0.408011154181754,2.10760638186045,-0.4684152353988,-0.300868575848762,0.742114517923989,-0.471427109864484,-1.06788148022096,0.223953988862199,0.0426435917291012,0.562264967608988,0.0986735570628621,-0.236322230771579
"11","HI",-0.7654332406738,-0.678451676835308,-0.543627000977921,-0.649330403917802,-0.634311191346786,-0.773984229065518,-0.648694380580303,-0.593483914896443,-1.05802326207889,0.0599874772036676,-0.695088151182117,-0.748277204043517,-0.971360817810098,-0.815111395564143,-0.695088151182117,-0.612588137385682,-1.21421521324803,-0.748277204043517,0.117932714237193,-0.178883191362925,-0.831696270415226,-0.175202328457671,0.110460376286605,0.687527448397014,"D","0",-1.15430136914198,-1.16221075813316,-1.06324598936385,-0.864876094835575,-0.566790274966733,-0.694718645248085,0,0.0462962962962963,0,0.201183431952663,0.985538401407074,"restricted","high risk","All Travelers","some reopen","new limits","new limits","new limits","public","Yes","25-Mar","3-May","1","1","1","0","west","39",-1.44257557433058,-1.41839505632907,-1.36572779652155,-1.04049983616161,-1.29550290668997,-1.44698899306397,-1.03827788021912,0.601281061239811,-1.65519680581514,-1.36706205611781,-0.598998471027547,-1.34921203683681,-1.61307925744118,0.492254705061555,0.34333150747582,-1.35727111972491,-2.37010675002368,-2.11400754496347,-2.07646860652282,-1.31893389739668,-0.626474962160541,-1.01478125697425,-1.50312201184149,-1.0652520605221,-1.03070950713327,-0.318822848138143,-0.923896721346733,-1.49512271031811,-0.317054007071037,-0.722554854341071,-1.27557545172686,-1.19393762065373,-1.92434455812031,-1.29405020347894,1.50293576430718
"12","IA",-0.271088955284617,-0.451725000409555,-0.413861684574196,-0.537770055130654,-0.487157170615315,-0.301603979950279,-0.538250517403164,-0.614318005345031,1.53038939821456,-0.549609342085315,-0.458837745295524,-0.172228657175685,0.223654183784718,-0.224169102391134,-0.458837745295524,1.17955800922137,1.92700886357835,-0.172228657175685,-0.19058975597129,-0.420929997071845,-0.312358226899814,-0.0814853457446167,-0.265902318563521,0.201581027667984,"R","1",-0.183971828666392,0.0837610526351554,-0.153135984360475,-0.396237870486318,-0.515431055000468,-0.459361364576711,0.444921316165951,0.597883597883598,0.955823293172691,0.771860618014464,0.300175884307211,"reopened","no data","-","all reopen","normal","reopened","reopened","no data","no data",NA,NA,"0","0","0","0","midwest","no data",0.183326325526343,-0.0734073592368721,-0.114221873581292,-0.527975468159663,-0.449849572611015,0.140119540485832,-0.529897408030116,-0.3692656738315,0.57095823821088,0.203144811133042,1.30269575109006,1.6953190674054,0.233021843858119,0.201593403956053,-0.0454037410647418,0.0333564716265586,0.222649111026588,0.441294246336866,0.274349433614402,-0.0438505862943081,-0.431340833379815,-0.234401500204925,1.11023494821933,-0.139085907792103,-0.403391101624541,-0.738517598756093,-0.695449612789135,0.910611523115421,-0.741869358628433,0.806748774555597,0.542235916132786,1.00671871960307,1.59488409023494,0.945888555972194,-1.08724677770027
"13","ID",-0.547840517067965,-0.621052518246509,-0.38598701942868,-0.689344859473535,-0.627353842721534,-0.555283308875346,-0.688831909087332,-0.890307514795919,2.19364267779343,-0.679862637209551,-0.639811631047024,0.139905428198789,-0.708238248651606,-0.771631813183908,-0.639811631047024,0.0594666675919612,-1.20260886477899,0.139905428198789,-0.877052252185164,-0.699177518814692,-0.699501132065848,-0.523021025637211,-0.360832481112084,0.692577953447519,"R","1",-0.349996312662002,-0.296402346601765,-0.64213378204792,-0.695030643943233,-0.638255642426735,-0.644477732429714,0.707439198855508,0.771825396825397,0.837751004016064,0.700854700854701,0.226890756302521,"reopened","lifted","Lifted","all reopen","normal","reopened","reopened","no data","Yes","25-Mar","30-Apr","0","1","1","0","west","36",-0.344944180937652,-0.764702375789217,-0.0124810378106865,-1.32463325139512,-1.23156654194309,-0.354489610868059,-1.32345230937277,-1.04882973134701,-0.713591184487132,-1.11395045488404,0.358558846908261,-1.33192273441594,0.567378366918795,-1.23729590878188,-1.30225820289582,-0.804975842672886,0.0484028471167134,0.118798757973423,-0.37749752891816,-0.658227255060993,-1.0012186282737,-0.787979069715936,0.754675837806814,-0.636629810589477,0.534002964351403,-1.1013514639342,-1.1581035119832,0.721568996460088,-1.10049067981292,0.0667631476701125,1.61243888197284,1.70093660368546,1.1595602945016,0.668061789242607,-1.36443129242029
"14","IL",1.01089948323176,0.842466583660655,1.52724787055604,1.41067856738622,1.48355418772824,1.03895461023216,1.4126146894688,0.110849117531177,-0.493797085897454,0.0902111599110265,0.808516886002163,-0.176167331141808,0.903387487444154,0.898811268236675,0.808516886002163,-0.551492246024078,-0.143290612745995,-0.176167331141808,0.245198233198192,0.0975664233163537,0.88684052812668,-0.403830763572188,1.17438882775722,0.369784804567413,"D","0",0.55425850592014,0.518909684870615,0.99933748802191,0.98855001345551,0.776569999109217,0.828430989165734,0.13519313304721,0.158068783068783,0.404016064257028,0.442472057856673,0.74672659761579,"paused","lifted","-","some restricted reopen","normal","restricted","reopened","public","Yes","25-Mar","31-May","1","1","1","0","midwest","67",1.11457957451846,1.10307083669464,1.44183479510242,1.45625809728257,1.54678906211067,1.12146983788392,1.45694536122146,0.627195282923096,1.03965004658359,1.10014067667646,-0.487754785657756,-0.0168803400028385,0.227841321707992,0.590826567576035,0.623543824038413,1.09558783390067,0.761999122259612,0.713209530051756,1.01769425689204,1.09382847354039,1.13447898369329,1.11962526907176,0.428644092944527,0.493785911944091,1.75487298623748,0.850698984093091,1.59708187294181,0.43114351644054,0.85629192769435,-0.525225353838275,-0.724519258860616,-0.747344131035738,-0.435920612282973,-0.348512530577108,0.600441867930677
"15","IN",-0.0462153714181217,-0.0556708061468466,-0.316071594438131,0.0219204905552874,-0.25829730559966,-0.0380339297848205,0.0240702098893074,0.0896210056749318,-0.300568559924531,-0.0584118608526841,0.0178314992486309,-0.405647527635481,0.20172730302151,-0.0112420987038663,0.0178314992486309,-0.300320248204151,-0.293080780634651,-0.405647527635481,0.283763541974252,-0.0809400637094426,-0.142393049022044,0.431724876118746,-0.762929828230293,0.415898111550286,"R","1",0.836871100957276,1.07195180147207,0.529260829699473,0.365896765555608,-0.163870781634167,0.0246930286082563,0.40414878397711,0.475529100529101,0.705220883534137,0.800131492439185,0.400039085401602,"reopened","lifted","-","all reopen","normal","reopened","reopened","public","Yes","24-Mar","1-May","1","0","1","0","midwest","38",0.446610350882023,0.535358369331455,0.184644520621001,0.534019215309496,0.15079083764105,0.451894598934244,0.536872726210848,0.489668192944962,0.552297892183061,0.449099991160657,-0.0910208559094812,-0.177158801118673,-0.146047268668849,0.618834867785332,0.455533096556244,0.263173996490442,0.910698503975843,0.975520587483614,0.778849465782188,0.729764216999979,0.321038868966817,0.503681825007816,-0.146864373457515,0.0968575607740934,-0.590915884458399,-0.0625407120793351,-0.853186633769769,-0.137645106646699,-0.0551681478897987,-0.854107854676268,0.373914529706355,0.519471856865027,0.670645954575004,1.05724602207502,-0.709761857650286
"16","KS",-0.464808147243614,-0.559826749085125,-0.148926546522076,-0.612473270350816,-0.555726847527447,-0.46799408508495,-0.613450826429515,-0.711152608615854,1.25625287765691,-0.629379641018811,-0.494865678183535,0.129604280902775,0.399069229890379,-0.376515299779977,-0.494865678183535,1.80409378758443,1.1721865772625,0.129604280902775,-0.398842423362016,-0.575164738739457,-0.359570776310306,-0.555983574637145,-0.393439994848442,0.44729907773386,"R","1",-0.381087952994878,-0.368382625495526,-0.448990889389327,-0.457927083954056,-0.494632660444685,-0.492075420904481,0.380543633762518,0.412698412698413,0.673092369477912,0.741617357001972,0.450459253468829,"reopened","lifted","From Certain States","all reopen","normal","reopened","reopened","public","Yes","30-Mar","3-May","1","1","1","0","midwest","34",-0.146362209450398,-0.426434267675876,0.489794773389719,-0.838411951402343,-0.750558702496954,-0.14761692329812,-0.844223035741076,-0.706435550314878,0.710590125366567,-0.0213029350152998,1.67242971772722,1.15713647603669,0.558199343627057,-0.058662987571307,-0.48509136147232,-0.0402216822259452,0.0121618745187271,0.0434804421109998,-0.0660767225384343,-0.143324655442068,-0.363295833615384,-0.312037110757681,0.062738897822106,-0.616506700264002,1.3286299593248,-1.06536108728714,-1.09745333860579,0.0613340172517624,-1.07234148296672,0.856081149681296,0.278601171377363,0.268839814574242,0.552243154596288,0.828477285092942,-0.51910282937058
"17","KY",-0.366504209993721,-0.488396685063509,-0.124397527480402,-0.253353931207741,-0.182052081435739,-0.364895636000399,-0.257709014328622,-0.585037952928505,-0.45839771754439,-0.336350300961387,-0.282389242779984,-0.362997981138408,-0.0942855872817927,-0.139389505384944,-0.282389242779984,-0.0695135475047581,0.727458612984144,-0.362997981138408,-0.105746076663957,-0.226527728547508,-0.246260657725126,-0.555129351609328,-0.828818820817246,0.650197628458498,"R","1",0.132360680790207,0.108293255615089,-0.0624809958224702,-0.185435633315164,-0.342808090905522,-0.281741911582786,0.401287553648069,0.413359788359788,0.682730923694779,0.675213675213675,0.46140316591753,"restricted","lifted","Lifted","some reopen","new limits","new limits","new limits","public","no data","6-Mar",NA,"1","1","1","1","south","no data",0.0380384336588104,-0.173320339197764,0.523712438829162,0.154364705894205,0.286201255201783,0.0425900979093332,0.147347194856951,0.129103931362057,0.266854863315348,0.308669098557451,0.209903543115073,0.799769324874941,-0.063022768270582,0.290511293779352,0.281678292804222,0.128616430124982,0.489355869682084,0.458833637779188,0.358532493591333,0.236287967673653,0.0174482681954551,0.104362780245759,-0.393249276645858,-0.651219065575447,0.529803011000285,-0.055478615670884,0.375822710854261,-0.380384807060668,-0.0717876882551967,-0.0976781027488837,0.363203062503201,0.27164695254554,0.588739577154188,0.566379046984693,-0.478199053011908
"18","LA",0.0445661604439805,0.215699660292416,-0.516638789073594,0.0188608652087927,0.0777192065032948,0.0663388145375467,0.0199401106424606,0.512692754734683,-0.123933776801389,-0.360429925035182,-0.262938784670678,-0.319672567511055,0.508703633706417,-0.0323671400145716,-0.262938784670678,0.690790878328534,1.1507489689138,-0.319672567511055,0.303046196362282,-0.20897673102219,-0.0101979106726662,-0.278612127567998,-0.597173977551551,0.426218708827404,"R","1",0.140697583921517,0.0406903586231999,-0.09260114457814,-0.179097867312386,-0.306305793443387,-0.25723289176056,0.38483547925608,0.373015873015873,0.622489959839357,0.630506245890861,0.505960523744381,"paused","lifted","-","some restricted reopen","normal","restricted","new limits","public","Yes","22-Mar","15-May","1","0","1","0","south","54",0.532129448934406,0.763188729884944,-0.817063521178672,0.530545727880739,0.636732518809126,0.547875058561956,0.532194276939149,0.0873363765627421,0.790235488931984,0.427306677619977,0.949316764455691,1.14066740823925,0.0137834596004046,0.632543687123467,0.305010449711931,0.413281409290868,0.495518091834006,0.409710346428211,0.331366351921201,0.243602728334602,0.0885804443512319,0.143064141712275,1.31828730738093,1.70720946457024,-1.08112984263698,0.884506823872924,1.57209996550037,1.37856098671742,0.889581024010046,0.6587516491785,0.296363039661043,0.108838226785374,0.367541524976192,0.390785133612584,-0.309303968211922
"19","MA",-0.100272184971543,0.856497489093472,-0.465024334223721,0.914084998709791,0.0684480901848653,-0.0979755831198999,0.923962868991333,2.56131161707915,-1.12151269252727,2.58228060681888,0.0487471528177897,-0.73223118614011,-0.313554394913869,-0.113290578686268,0.0487471528177897,-0.795875811470493,-0.764435073753742,-0.73223118614011,2.87535229172551,2.01627571863296,0.273077385790285,2.41541902443884,1.12109018933955,0.582564778216952,"D","0",-0.627423274172487,-0.845109954777367,-0.508578071430199,-0.233002719461604,0.212157894521617,0.0463824171009524,0.0493562231759657,0.0343915343915344,0.116465863453815,0.131492439184747,0.969122532734024,"reopened","high risk","All Travelers","some reopen","new limits","restricted","closed","public","Yes","24-Mar","18-May","1","1","1","0","northeast","55",0.390891191378107,1.10898783156515,-0.364761533638825,1.21900097149028,0.626306467142763,0.391007085567663,1.22441674627587,1.60863423494941,0.00036838878553609,0.33896817976008,-0.980766870348716,-0.73133351730162,-1.44729156248337,1.65893598820109,1.46794963226343,0.678303306338493,-0.332648754655356,-0.699604148210045,-0.15193296013334,0.179603472274051,0.740100415266645,0.526596273440119,-0.361510610591869,2.14891173621443,-1.00116356664332,2.1504018366889,0.21834933729273,-0.365929777041312,2.17767069174609,0.132539647837711,-1.07381652283646,-1.24161675356473,-1.4947217583473,-1.5690282728244,1.44114102469116
"20","MD",-0.149572038368203,-0.0599757430410065,0.167205555498583,0.191841065313463,-0.1710772490725,-0.149176367558085,0.192996473174734,0.31517702453834,-0.715434340430969,1.5809733119535,-0.0707015743215487,-0.710009141011717,-0.63149416598038,-0.326273468726209,-0.0707015743215487,-1.00631721504935,-1.18403870722853,-0.710009141011717,0.943230322044884,0.911133638685083,-0.321800736781913,0.36392048745768,0.89747621413763,0.575098814229249,"D","0",-0.412126407342866,-0.584387772390841,-0.434556183746286,-0.277876954440126,0.0423754310567491,-0.0682083906624575,0.126609442060086,0.113756613756614,0.211244979919679,0.197896120973044,0.881180379128396,"reopened","lifted","Lifted","all restricted reopen","normal","restricted","reopened","public","no data","5-Mar",NA,"1","0","1","1","south","no data",0.336389237979142,0.53102600361967,0.823800888976021,0.709074259322187,0.304120772267014,0.335009933662039,0.710522699371796,1.3531619279279,-0.53727868697688,0.0586072765697949,-1.54938796989981,-1.30442417960253,-1.26060517560664,1.00403851073337,1.10327861207759,0.0190359758699269,-0.0253563789707108,-0.225768728620773,-0.0463755077893196,0.122998933044429,0.575292478458802,0.398932547226338,-0.22305918493328,0.260357832168579,0.944887952890594,0.671653626997554,-0.329656470391611,-0.231612688933952,0.676672128220968,-1.11721385534666,-0.757521447092919,-0.924605396087983,-1.14430999731401,-1.30899359700982,1.10876229848321
"21","ME",-0.806924778124023,-0.688974855909921,-0.557215471307373,-0.625357245464376,-0.546691279820223,-0.816578542932673,-0.626194150117026,-0.0255308063165432,-1.52061394142616,-0.599325733273085,-0.704031966203854,-0.463713836431904,-0.730165129414814,-0.740335455686567,-0.704031966203854,0.541445366111281,0.268529939990731,-0.463713836431904,-0.556960189343863,-0.575179007843136,-0.699501132065848,0.385513153626137,-0.042404407803974,0.0579710144927537,"D","0",-0.921408805644999,-0.924378724594911,-0.916777374836563,-0.806605286268666,-0.622923531853473,-0.704403930691275,0.284692417739628,0.32473544973545,0.422489959839357,0.566732412886259,0.61579050224741,"reopened","lifted","All Travelers","all restricted reopen","normal","restricted","closed","public","Yes","2-Apr","31-May","1","1","1","0","northeast","59",-2.12232709115041,-1.66403850178894,-2.25210052505778,-0.904195429527612,-0.704714247176746,-2.1331482111792,-0.909822691346451,-0.560253185591224,-0.769147147850635,-0.965588838178676,0.825971642285452,0.391507164637062,-0.273874901390029,-0.316208857534896,-0.485147491925959,-0.804975842672886,-1.00209578343234,-0.905970040172069,-1.12813621399481,-1.04020012374834,-0.90610527149483,-1.06530211919824,-2.07488827739102,-1.16863453981923,-1.20339863385124,0.0931707266245068,0.685174273860804,-2.06964588703819,0.0757417926980146,1.11918715035169,-0.113162122148577,-0.0830022153621672,-0.369677935530783,0.140817749188148,0.10540742825831
"22","MI",0.0285058742359696,0.487070126731679,-0.257090999106636,0.605272056994882,0.68438428199053,0.0267012638393871,0.592841573364533,1.14644386368206,-0.834170142231134,-0.0981104074430992,0.458959440003117,-0.164281391954099,0.399069229890379,0.422044793576287,0.458959440003117,-0.599011272638658,-0.368863408873671,-0.164281391954099,-0.0941764840311393,-0.133164983175023,0.339174954964974,-0.231908791006319,-0.0857254609198748,0,"R","1",0.567218157571363,0.778114146205953,0.610334656973008,0.708568393683333,0.370176120834489,0.465105720986107,0.198140200286123,0.256613756613757,0.428915662650603,0.552268244575937,0.661520422122337,"restricted","lifted","-","some reopen","new limits","restricted","new limits","public","Yes","24-Mar","28-May","1","0","1","0","midwest","65",0.517660914151365,0.932139916108881,0.311198450984818,1.03379660370874,1.14254390228078,0.512781643345683,1.02571040303897,0.447993800811816,0.710590125366567,0.813213247754499,-0.573680151471419,-0.260927519607763,0.243380083800157,0.30203311045124,0.397893932743014,0.73180023496426,0.76931659618011,0.845024828386298,0.824475454692622,0.946300125560795,0.869668447646911,0.887738530227832,-0.772172127675038,0.452785074655936,-0.699675870491072,0.261501030675069,0.822820760599993,-0.787162402858457,0.242263893895915,-0.77188722946677,-0.465574068077113,-0.355640214249379,-0.343448625448885,0.0841175657147741,0.278072133240205
"23","MN",-0.185877749823697,-0.332621746337798,-0.48644218834148,0.00477534428439413,-0.203719986379331,-0.181417032617985,0.00862380304576517,-0.380881925305209,-0.53681935175451,-0.494773525292342,-0.12183105197571,0.104760337424153,0.355215468363964,-0.0843414480012274,-0.12183105197571,0.10019726183303,0.0238408052081669,0.104760337424153,-0.398842423362016,-0.476593770524093,-0.151835558904142,0.0631154364295153,-0.0125784839422257,0.0283267457180502,"D","0",0.301492112736401,0.811619767717344,0.360106057212718,0.240793794859443,-0.288816963100708,-0.12315419198188,0.34692417739628,0.507936507936508,0.77429718875502,0.934253780407627,0.34922806331835,"reopened","lifted","-","some reopen","above 10 banned","restricted","reopened","public","Yes","27-Mar","17-May","1","0","1","0","midwest","51",0.293692912222371,0.174547709308356,-0.512797350721683,0.514386051081983,0.249741495571423,0.297601097642193,0.51925389866781,-0.204685872654406,0.677182692501513,0.371503292973632,0.403074950954564,0.154240671814926,0.535646893728566,-0.058662987571307,-0.175094975813987,0.251610446443094,0.607584926219784,0.860824894315625,0.676114394665238,0.637298964109043,0.120702800766483,0.331224731695201,-0.187518282718977,-0.3798086150606,-1.01399327489001,0.298682028442848,-0.309605746159319,-0.179991819076866,0.312059578462302,-0.443004728628777,0.141330183741962,0.648006588842171,0.925000810111741,1.58465535372747,-0.901982205887781
"24","MO",-1.3802578693138e-06,-0.264539966567196,0.394137585242956,-0.0680697914001118,-0.315264127488976,-0.00374742354233358,-0.0685172356907873,-0.472412748899868,-0.0209939170891276,-0.426889343441489,-0.0591842400297302,-0.022081278319189,0.256544504929529,0.230131058494377,-0.0591842400297302,-0.12382100649285,0.984027186787959,-0.022081278319189,-0.340994460197926,-0.315295822535316,0.273077385790285,-0.193350209518032,-0.761984166807773,0.404040404040404,"R","1",1.00029833602415,0.938015062378548,0.3829864423219,0.111354647936118,-0.208941955687896,-0.0557931900471254,0.494992846924177,0.494047619047619,0.706024096385542,0.645627876397107,0.415282392026578,"reopened","lifted","-","all reopen","normal","reopened","reopened","no data","Yes","6-Apr","3-May","0","0","1","0","midwest","27",0.491305167900009,0.283184621034258,0.982938930504358,0.426033885449536,0.0344383192476812,0.484725461781617,0.425905508286955,-0.0424055769193452,0.598413190983466,0.668492752403734,0.143465615346909,1.01006274490199,0.410184555442037,0.0208460947972405,0.150427792774198,0.678303306338493,0.98768577597496,0.918209669827338,0.690664649986903,0.531636815385433,0.253974256033858,0.413600637405574,0.237091437541764,-0.291015390749441,1.58745992032129,-0.111570457608304,-0.91183278630909,0.204747293880193,-0.111265947161906,0.543642773885202,0.746165772500526,0.591573617783834,0.67562878463676,0.451705418197169,-0.652612672686349
"25","MS",-0.269846723202229,-0.193269344652771,-0.480094039323933,-0.542312948995361,-0.494910378308401,-0.274570005588644,-0.54395036478318,0.250777249538021,1.59584984924532,-0.524265754640769,-0.48431759140902,-0.276335501002145,-0.0285049449921699,-0.197120107697003,-0.48431759140902,0.833347958172277,2.50896483034358,-0.276335501002145,-0.20987241035932,-0.342107468348383,-0.529535954188077,-1.19171378506172,-0.355943266477101,0.386473429951691,"R","1",-0.418717037303662,-0.229090989246828,-0.383017689414996,-0.483198734123757,-0.488198707657244,-0.483572683725857,0.350500715307582,0.474867724867725,0.737349397590361,0.648915187376726,0.452218096540942,"restricted","lifted","-","all restricted reopen","new limits","restricted","new limits","employees","Yes","31-Mar","11-May","0","0","1","0","south","41",0.185051654197458,0.380472496569321,-0.464897732242785,-0.544175254450472,-0.479237566808984,0.178373173368397,-0.550343896558395,-0.288496512669104,0.336441798762094,0.238077336726535,1.05969881147388,2.06330493802001,0.0842633234706241,0.180204743139524,0.105553489707282,-0.356346175181913,-0.0335046947334307,0.184294783386808,0.0208667247430439,-0.187128619586345,-0.343281278079236,-0.291255976396031,1.33764869414463,1.30927495788397,-0.758694617954912,-0.677255657797824,-0.648551919743231,1.29762468320275,-0.68782113417584,-0.229231103084081,0.154408341734683,0.517173908394161,0.788708881803364,0.463629657383493,-0.51253701365405
"26","MT",-0.703375860970715,-0.665377424045637,-0.507236665663822,-0.659241697552029,-0.588557638630145,-0.708666642695902,-0.659300071292363,-0.823428935418887,-0.334134749621506,-0.73457280557277,-0.738661508880694,0.872906636752158,-0.48896944101953,-0.743912182257692,-0.738661508880694,2.42184113357398,1.14160043541468,0.872906636752158,-0.911761030083619,-0.719568067972156,-0.74671368147634,-1.49805559595998,-0.205518473504601,0.445761967501098,"R","1",-0.613572757274377,-0.524712181115467,-0.839965873035326,-0.841994981778414,-0.7012693991909,-0.741675243049946,0.84692417739628,1,0.861847389558233,0.658777120315582,0.128200117256205,"reopened","lifted","Lifted","all restricted reopen","normal","restricted","reopened","public","Yes","29-Mar","26-Apr","1","0","1","0","west","28",-0.951992861991914,-1.20303797842054,-0.704436607424347,-1.10323686450877,-0.940013605468905,-0.943592322697984,-1.10556720634852,-1.8279371422423,-0.266118085744275,-0.981438656041566,1.97623362767784,1.13361718363813,1.05044210985902,-1.41919651930888,-1.61033701533551,-0.971640724898829,-0.309818106621558,-0.143597355052111,-0.85381634343637,-1.20002492480336,-1.5617309722951,-1.28860062100531,0.00939752684675466,-0.749822306170275,-0.335659018103905,0.130295335029328,0.586521315520166,0.0534045137801318,0.120111469391793,1.46451377623158,2.18317659231875,2.61172623756854,1.24818728613382,0.503067199591675,-1.73741615452193
"27","NC",0.436076305076467,-0.0515253113598779,-0.357426067902888,0.368430203960686,0.421229309369547,0.447253536329078,0.368993298379106,-0.502601280065042,-0.102884857569771,0.0537372157306676,0.534747911390603,-0.256583866763746,0.223654183784718,0.500062141908945,0.534747911390603,-0.748356784855912,-0.368863408873671,-0.256583866763746,-0.059467706132685,0.00954032271985996,0.452485073550154,-0.631144741211248,-0.300195404542531,0.075318401405358,"R","1",0.543244574882763,0.691235334394459,0.801125480192206,0.722378280219075,0.446482354166312,0.532931000652378,0.180972818311874,0.228174603174603,0.465863453815261,0.500986193293886,0.681063122923588,"reopened","lifted","-","some restricted reopen","above 25 banned","restricted","new limits","public","Yes","30-Mar","22-May","1","1","1","0","south","53",0.821331756278542,0.539503513370508,0.0761768455655156,0.861760296917902,0.95670788404439,0.82361212912691,0.862501480231488,0.595803284599023,0.57095823821088,0.866375056815694,-0.873802321216569,-0.260927519607763,0.114551463751223,0.335805395796634,0.54559311044489,0.817767216220798,0.75573850988691,0.802812557704545,0.924056971610257,0.954112606782996,0.925935020149359,0.935428321742864,-0.0674676788993812,-0.447975651288147,-0.901012440215919,-0.250946166384217,0.0772273616413196,-0.0737839309319087,-0.247502547541555,-0.689666604257271,-0.537524389920448,-0.466572291579435,-0.208288621169958,-0.11840079936135,0.352505883470054
"28","ND",-0.655402041027081,-0.640823339538207,-0.52497716859394,-0.563463964820722,-0.650184086997259,-0.659690897208122,-0.562354885596168,-0.742324719384086,-0.60614916027296,-0.721213311069783,-0.782115482023001,-0.0190631819960356,-0.642457606361984,-0.780238311495677,-0.782115482023001,2.87666610259925,2.05618069477495,-0.0190631819960356,-0.80377816551065,-0.690815824058728,-0.765598701240537,-1.44145373214943,-0.23388172160962,0.779534475186649,"R","1",-0.71975414393934,-0.744202941611392,-0.922318184514122,-0.871116398396619,-0.730233174782987,-0.783179588342837,1,0.982142857142857,0.896385542168675,0.938198553583169,0,"reopened","no data","Lifted","all reopen","no data","reopened","reopened","no data","no data",NA,NA,"0","0","0","0","midwest","no data",-0.710808740874365,-0.925627867672464,-0.939021206923884,-0.623537523155679,-1.46095155127374,-0.704403465956606,-0.619604067050145,-1.5471683750304,-0.560927733984992,-1.1590756244475,2.17125807877595,1.78016431302471,0.413394354580686,-0.937838776213398,-1.20626084492493,-1.04623454967915,-0.499579547462645,-0.487941982538152,-1.15128589959625,-1.35398822572967,-2.02969481660369,-1.61800248960463,2.30992050387543,0.0369913075558047,-0.390624079248756,3.26575013940636,-0.0681317510219416,2.36799889309709,3.27720905353929,2.87870852983495,2.80977697081989,2.53859818278616,1.37553021715454,1.60097015098543,-2.22153907997652
"29","NE",-0.525554281970845,-0.617385349781114,-0.437464217002498,-0.628444828026107,-0.567222197393922,-0.532779055866885,-0.628313218796991,-0.910814172609487,0.99453102336835,-0.667450741280968,-0.622911965024636,0.072097310421067,-0.181993110334623,-0.639628248168337,-0.622911965024636,1.62080611349962,0.285461554227917,0.072097310421067,-0.61866468338556,-0.650890871964549,-0.642846072773258,0.214389618094432,-0.350514615967905,0.545015371102328,"R","1",-0.366953777510695,-0.548399776617762,-0.635863019785721,-0.586816650997602,-0.622555162027326,-0.624539500487167,0.632331902718169,0.507936507936508,0.768674698795181,1,0.253664256400234,"reopened","no data","Rolled Back to International Travel","no data","normal","restricted","reopened","no data","no data",NA,NA,"0","0","0","0","midwest","no data",-0.286538729777993,-0.738738874651572,-0.2167495854267,-0.92067352675305,-0.812467866720828,-0.295768222403585,-0.92119317287383,-0.948339839001169,0.167277390088246,-0.601037866564937,1.57152388891032,0.407384220845643,0.505059790662541,-0.438546166694162,-0.869945315543468,-0.633906955892704,0.0287975856879667,-0.175384652720982,-0.365644567758689,-0.390078893740073,-0.903943358509924,-0.710823271324634,0.738206151701875,-0.668072170473032,-0.0884572861616291,-0.634808430571394,-0.531948402936148,0.705294728736517,-0.637098414038397,0.329869148340507,1.30570406828296,0.64708054990615,0.903913922513505,1.84174577295284,-1.26335318135922
"30","NH",-0.786704000338492,-0.636837286858429,-0.555654169792246,-0.625399642120448,-0.625941834697958,-0.796035509938662,-0.624734266093216,1.35372654341146,-1.34325231992388,-0.189744012285979,-0.70062823630171,-0.718795413705377,-0.872689854375664,-0.790130195918944,-0.70062823630171,-0.144186303613385,-0.693021894350125,-0.718795413705377,0.168067615646071,-0.271175753959476,-0.708943641947947,1.52513035172475,-0.0679992551755617,0.00307422046552484,"D","0",-0.966262319567837,-0.901089852419623,-0.939632147574354,-0.819404451186423,-0.614896852414301,-0.702306629449427,0.227467811158798,0.346560846560847,0.351807228915663,0.483234714003945,0.666210670314638,"reopened","lifted","-","some restricted reopen","normal","restricted","reopened","none","Yes","27-Mar","15-Jun","1","1","1","0","northeast","80",-1.71938860439917,-0.889864606570552,-2.05233698966704,-0.904419737366471,-1.21912591317079,-1.72944274646121,-0.902069166044363,0.341422337690889,-1.21146154376392,-1.21367804501924,0.117908997845417,-0.641939839019434,-1.32962015399052,0.532280758548521,0.218660284587101,-0.836316634840748,-1.15816204017947,-0.840647585222022,-1.22741080534168,-1.0950890090129,-0.86017436658111,-1.0541375758518,-1.7782438156941,-0.566702002208451,-1.18302572580477,0.0664706317850422,-0.715247205453798,-1.7747514100496,0.0685970131869993,0.954745899932694,-0.34821250147889,0.00498995157273937,-0.629967264830275,-0.186519016502202,0.296017711449457
"31","NJ",0.283493727115583,1.88362354361858,0.43793409441086,0.531508941539784,0.60513051800365,0.289803408722211,0.533767854795069,2.91818594966673,-0.485724109287589,3.78178408938396,0.310774195092143,-0.737428371314343,-0.291627514150661,0.474186760620964,0.310774195092143,-0.952009756061258,0.190835677886223,-0.737428371314343,3.21858353983245,4.2241769382143,0.329732445082876,0.388658089018346,0.648974329531305,0.304567413263065,"D","0",-0.37404080999712,-0.509444936303943,-0.126665598528005,0.229047765770427,0.421657470259007,0.315623853063787,0.0636623748211731,0.0720899470899471,0.2,0.318211702827087,0.87844440101622,"restricted","lifted","From Certain States (New)","some restricted reopen","new limits","restricted","closed","public","Yes","21-Mar","9-Jun","1","1","1","0","northeast","80",0.720860710931066,1.44068694534294,1.00924014036781,0.983535352333183,1.090491646864,0.72100086104835,0.985337146774668,1.82870618946963,0.0298572413084262,0.849064691466825,-1.38470809696742,0.317779650783481,-1.49754666174512,1.74024452422447,1.88813436319238,0.724317979336619,0.0204903548515717,-0.123649327209362,0.299695487541621,0.628159820078228,0.90802636447144,0.773580841651013,0.0293592666884026,3.16890189083695,0.798944797761832,0.422637663136947,1.0259592191882,0.0174251333147152,0.429461054481627,-0.492337103754475,-1.01613939174256,-1.0916406585305,-1.18860871605402,-0.835843815079159,1.09831681685454
"32","NM",-0.634865775728562,-0.558391770120405,-0.45000038154886,-0.46401677078421,-0.38627850374738,-0.643159903126923,-0.463465622529929,-0.0427885769893749,-0.859402439922788,-0.69785728732806,-0.603651345739409,0.590347564768276,-0.697274808270003,-0.725637344933352,-0.603651345739409,-0.117032574119339,-0.992875320679651,0.590347564768276,-0.938756746226861,-0.708124246821501,-0.614518543126963,-1.34387008275128,0.0148694377649841,0.175450153711023,"D","0",-0.890893346815084,-0.991861575853937,-0.832858439974358,-0.751049889620077,-0.503906753598315,-0.60256093638612,0.17238912732475,0.137566137566138,0.337349397590361,0.295200525969757,0.803009575923393,"reopened","lifted","Rolled Back to Certain States","some restricted reopen","above 25 banned","restricted","closed","public","Yes","24-Mar","20-May","1","1","1","0","west","57",-0.626558027748869,-0.420263085636103,-0.279492419681199,-0.29804036717195,-0.135408491719043,-0.637626814112513,-0.296394184523498,-1.22519406057184,-0.686753249474621,-0.903049294462575,0.151904932913484,-1.03246226585325,0.894893812518382,-1.58855624960783,-1.42154683903584,-0.557556539949129,-0.908167825511483,-1.12474304618812,-0.831960108891313,-0.831800480550232,-0.392981337256328,-0.632305879468549,-0.573245135298192,-0.284223841014593,-0.288090889726694,0.614626258676596,1.33621439428928,-0.590595746350367,0.616515617442305,0.296980898256708,-0.570947323182008,-0.829218109102749,-0.682807133557517,-0.925313057854264,0.813224519358714
"33","NV",-0.369797110910526,-0.434983579154488,-0.042260485867784,-0.561030458206646,-0.506905386468674,-0.371063025842797,-0.561225202565861,-0.361163135927117,1.21665369937949,-0.655547048376306,-0.464210718774202,0.456141327881178,-0.686311367888399,-0.568429034861886,-0.464210718774202,-0.578645975518124,-0.679503912015597,0.456141327881178,-0.919474091838831,-0.666358580352716,-0.718386151830045,0.904518145580243,-0.0357307023674989,0.0480895915678525,"D","0",-0.867566860275964,-0.816654828741397,-0.759306112432611,-0.587161379263737,-0.37405539915583,-0.469498613769032,0.100143061516452,0.162698412698413,0.244176706827309,0.356344510190664,0.819425444596443,"restricted","lifted","-","some restricted reopen","normal","restricted","reopened","public","Yes","2-Apr","9-May","1","0","1","0","west","37",0.0325124048236863,-0.0323904117683246,0.624830216310419,-0.61405549549012,-0.526678531127336,0.0324107978399456,-0.615201338880973,-0.863605916441919,-0.660505207212093,-0.407045997175788,-0.536354492201309,-0.625254963554776,0.809743549492433,-1.46466624306702,-0.982325263622761,-0.86859310999488,-0.841809839193061,-0.6350871568697,-0.630741464578171,-0.390828076500091,-0.0484398395306811,-0.257803799807688,0.548334484917356,-0.0216172512671417,1.82126777117866,-0.83494663166224,-0.801876038765945,0.546269624200723,-0.836865448854688,-1.39676398105896,-0.867376805495588,-0.728519949245124,-1.02359901804809,-0.684868019082846,0.875386324262819
"34","NY",1.59716894271762,4.61598293455257,1.62049131342278,3.38603247651266,3.5251775517485,1.61883360917503,3.38422138805615,2.67536285573376,-0.886671681631604,0.780145191882043,1.7150373777719,-0.273969966046159,1.045912212405,1.90755993399919,1.7150373777719,-0.863760135205608,-0.127314815441553,-0.273969966046159,0.588429481305129,0.796395776001276,2.5298372476118,0.670656286936119,2.37187447954676,0.516469038208169,"D","0",0.937693999644698,0.425454081837308,1.02936372474915,1.3382948880491,1.91397551398017,1.74612579037145,0.0872675250357654,0.0753968253968254,0.18714859437751,0.165680473372781,0.919288645690834,"restricted","high risk","From Certain States (New)","some restricted reopen","normal","restricted","reopened","public","Yes","22-Mar","28-May","1","1","1","0","northeast","67",1.33144966794716,1.91428166136471,1.4674622524717,2.05183626722105,2.13648544918299,1.33358340465871,2.05074034354072,1.05290317497143,1.1182865076238,1.51990358055642,-1.1454467432811,-0.000182335707220161,0.0879479175338371,0.815727712310212,1.05215987774121,1.76488165004134,0.958880280732021,0.660908290148845,1.03112125444666,1.25188858221538,1.61342880296328,1.53707011478093,0.00837692661424937,2.87912910215011,0.792906058863956,1.56171944316077,2.62879807013278,-0.0075794979567982,1.56352027938886,0.0338748975863132,-0.919259926915775,-1.07772105332696,-1.23382361351239,-1.43533836222425,1.25224642090491
"35","OH",0.128052043568251,0.117802206477077,-0.3731591831707,0.473098331136903,0.555045309763777,0.138714801872878,0.477032628791575,0.146429138822464,-0.614744863721461,0.312636553148522,0.686592232791038,-0.346975268998115,0.826643404772928,1.35037299784117,0.686592232791038,-0.510761651783008,1.07442015957036,-0.346975268998115,0.653990506224432,0.68649513946469,1.44394861117048,0.14084973196088,-0.660952707549895,0.173473869126043,"R","1",2.26042501166226,2.54460854201284,1.74309727520583,1.20391583921787,0.339933588569632,0.69545066955223,0.389842632331903,0.443783068783069,0.69718875502008,0.674556213017751,0.452804377564979,"reopened","lifted","Lifted","some restricted reopen","above 25 banned","reopened","reopened","public","Yes","23-Mar","29-May","1","1","1","0","midwest","67",0.603333785770449,0.689762718466935,0.0290030105300461,0.941721296430982,1.05597708163041,0.608195178131153,0.944843415351238,0.793635982252514,0.995059987388585,1.31070238468065,-0.417217407216569,1.08143634140953,-0.0338066474339126,0.853368122230353,0.999526198979803,1.37143891818584,1.44108144287395,1.44970332175233,1.30532519714839,1.19408677900435,0.846319819612174,1.04101140784857,-0.855531152547604,-0.321451595116722,-0.962047583194102,-0.294820313014241,0.0814269420407633,-0.850005200945345,-0.286300807325903,0.527198648843303,0.316015338735897,0.391617803080171,0.642708414495659,0.564966320358113,-0.510189863783731
"36","OK",-0.266903816245145,-0.513747980106895,-0.471046497210637,-0.330920456823458,-0.274290542843051,-0.266366729995203,-0.334226171003718,-0.827734064072278,0.0874138898889854,-0.546893690606499,-0.355232538607995,-0.0237942519080059,0.168836981876699,-0.239649622081783,-0.355232538607995,0.555022230858304,0.72240643776821,-0.0237942519080059,-0.383416299851592,-0.489207658176436,-0.142393049022044,-1.49082782315726,-0.768998152086661,0.794027228809837,"R","1",0.278936822978168,0.324568505409344,0.0562259424813908,-0.21277565308167,-0.454137017908784,-0.350849333920617,0.525035765379113,0.558862433862434,0.914056224899598,0.806048652202498,0.290209106898573,"reopened","lifted","Lifted","some restricted reopen","normal","restricted","reopened","no data","Yes","24-Mar","6-May","0","0","1","0","south","43",0.189124010185084,-0.252477018051947,-0.402753222777256,0.012033391806663,0.119611594741224,0.189624519674839,0.00582789557332994,-0.360163411661052,0.523749014402174,0.182570548369079,0.837538648666151,0.795507945915537,0.408357393410479,-0.0368202283976908,-0.208052729320441,0.263173996490442,0.592591782062333,0.601084902701191,0.458741491160116,0.204102815832297,-0.244380138883615,-0.0138530614713418,0.393653514385007,-0.650464448938241,-0.840123564269865,-0.121182964347077,0.200063022711358,0.391100512624949,-0.135471894011372,0.757416399429898,0.867988989513156,0.850867158157111,1.43969819242194,1.07957846657235,-1.12477458739525
"37","OR",-0.631420060547654,-0.60813770756403,-0.359662217691952,-0.549529597191883,-0.477707948739367,-0.637878546692069,-0.549848941424723,-0.527163287498867,-0.524268671339817,-0.594931777768254,-0.308939940288459,0.29541313257131,-0.499932881401134,-0.549260015894765,-0.308939940288459,-0.585434407891635,-1.39486461353672,0.29541313257131,-0.826917350776286,-0.648151204058158,-0.378455796074503,0.0631014899311023,0.218161584238603,0.236056214317084,"D","0",-0.740873412105577,-0.711631961877286,-0.538572292693197,-0.379994130197266,-0.238883487473784,-0.315562873140461,0.0965665236051502,0.141534391534392,0.312449799196787,0.422090729783038,0.79030682040258,"restricted","lifted","-","some reopen","new limits","new limits","new limits","public","no data","23-Mar",NA,"1","0","1","1","west","no data",-0.613265035432562,-0.677478956911764,0.069698867597736,-0.570501966716582,-0.415281055363425,-0.617428176324569,-0.571986282213375,-0.541171736516705,-0.284925369680376,-0.360835586545242,-0.548711061267072,-1.62909970195309,0.695145391479989,-1.02288567960624,-0.851753272034557,-0.071114687423996,-0.541956373783549,-0.428441235895493,-0.198212134426297,-0.0192296737432425,0.206378610747778,0.0482986277747197,-1.5414445499836,-1.05242357768961,-0.383383861158396,-1.15582681080018,-1.09510229466906,-1.538823963865,-1.15678907350532,-0.459448853670676,-0.882021069986098,-0.813103448643454,-0.774283145462298,-0.427364370862505,0.764842803277896
"38","PA",0.135761769666879,0.664688634142571,-0.340943756669943,-0.0621102962227544,-0.0134050522090509,0.119665083610683,-0.0632163684973912,1.20321846352353,0.248672806001942,0.3090518333639,0.830067603214481,-0.301738782795483,0.870497166299343,1.2061862079427,0.830067603214481,-0.578645975518124,0.397292135359011,-0.301738782795483,0.538294579896251,0.478922488244526,1.78387896692603,1.30037555654454,-0.130025148311243,0.0109793588054459,"R","1",0.147297078213128,0.126685976828635,0.677027137710565,0.738353998793358,0.910722183854433,0.846045126080942,0.0815450643776824,0.108465608465608,0.30281124497992,0.287968441814596,0.846980652726207,"restricted","lifted","-","all restricted reopen","new limits","new limits","closed","public","Yes","23-Mar","4-Jun","1","1","1","0","northeast","73",0.609595705127996,1.02309713115229,0.121838430424288,0.433584541207068,0.528618746878762,0.592759053475984,0.432627932028721,0.7912377235423,1.02074351163159,1.24830752334488,-0.536354492201309,0.510598557565491,0.043658537332592,0.78593291686813,0.88816871708183,1.51063995232877,0.500369703411981,0.471778235496289,0.860460691062949,0.963074550382462,1.20674408669912,1.12957797005031,-0.98901965942852,0.255075515708142,-0.941601541631571,-1.19136338733581,-1.18140738998225,-1.02523536307466,-1.19028621337097,0.6751957742204,-0.943552108674374,-0.944651105022123,-0.808432968335125,-0.95453867852406,0.979185297539827
"39","RI",-0.688705691616805,-0.52459004339589,-0.410430252672819,-0.483959174689388,-0.606206134370264,-0.697526514796558,-0.486145409293821,0.915395660946705,-1.06328084922597,3.05718455313227,-0.742752401850277,-0.811074582751911,-1.04810490048132,-0.795830603891674,-0.742752401850277,-0.741568352482401,0.0817360022772558,-0.811074582751911,3.7662109244525,3.31338005037604,-0.841138780297324,2.9450303284363,0.0233302718311871,0.335529205094423,"D","0",-1.15238667368598,-1.2029491350495,-1.04638664589581,-0.905336544605555,-0.622652793541151,-0.742949537249216,0.0343347639484978,0.0218253968253968,0.138152610441767,0.235371466140697,0.939613054524135,"restricted","lifted","Rolled Back to Certain States","some restricted reopen","above 25 banned","restricted","new limits","public","Yes","28-Mar","8-May","1","1","1","0","northeast","41",-0.870103305837883,-0.289468264091711,-0.100702742283955,-0.354841117085228,-1.06111980883683,-0.88248952126392,-0.361239838895953,1.70397252245268,-2.16965406851014,-1.24660097034193,-0.859024848628042,0.211746950008925,-3.17200358348251,1.85741163991553,1.74324875120528,-1.41002214861557,-2.34659788666398,-2.65026823780664,-1.90690328952931,-1.57180965621271,-0.904515821218723,-1.29721933092353,0.313066119555616,1.35279118396281,1.34189846866789,3.04336660314967,0.223929498764285,0.285199126484506,2.99843229284054,-0.0483457276231851,-1.13571279158486,-1.29051477533169,-1.41405961073431,-1.15973270134266,1.32906055629273
"40","SC",-0.00240697254439765,-0.107489490983956,-0.10630244325381,-0.28595081528383,-0.23619456636699,0.00214121421679272,-0.281681910789651,-0.111427145818326,0.717180824731967,-0.114367668857315,-0.187415018122401,-0.472826389809147,-0.313554394913869,-0.240599690077238,-0.187415018122401,-0.531126948903543,-0.355208881263037,-0.472826389809147,-0.0556111752550789,-0.145978638278873,-0.170720578668339,-0.140353515547333,-0.4673031421921,0.308300395256917,"R","1",0.360298083361718,0.124126430310107,0.0545995568980702,-0.133497176170937,-0.250109490376133,-0.189584473357796,0.407725321888412,0.355820105820106,0.646586345381526,0.562787639710717,0.519249560289232,"restricted","lifted","Lifted","new closures","normal","new limits","new limits","none","Yes","6-Apr","4-May","0","0","1","0","south","28",0.489040220496584,0.481214845794519,0.547533780381293,0.0971709538317292,0.192180237394866,0.490229545350442,0.10527512225036,0.430203893091951,0.00036838878553609,0.181293519880334,-0.452142548512111,-0.245695540451124,-0.295794465930005,0.339486841942187,0.383015199555582,0.228105572404196,0.645663813861943,0.469987189128765,0.457436309126832,0.294706599355971,0.187839598949938,0.242533442707976,0.759298556506985,0.411281159609643,0.357834771797806,-0.449996321290766,-0.249359681931424,0.751803936131218,-0.434417705361342,-0.245675228125981,0.387983191622118,0.0416436807412045,0.457217689011691,0.126460624293892,-0.259602441930268
"41","SD",-0.64915637416841,-0.653897592327877,-0.50262710880964,-0.7269387117453,-0.662688059867847,-0.652303967001408,-0.726154968665407,-0.899509364728003,2.09872291227363,-0.717951313293728,-0.76322464737679,0.0602929414042544,-0.543786642927549,-0.796836558239803,-0.76322464737679,2.85630080547872,0.701378465247833,0.0602929414042544,-0.780638980245013,-0.702402336246174,-0.822253760533127,0.0582271887356395,-0.217035231581933,0.649099692577953,"R","1",-0.745549346610379,-0.771389012757103,-0.865721246833135,-0.872002584672389,-0.713097763315075,-0.768508357899511,0.816165951359084,0.804232804232804,1,0.723865877712032,0.141684580809068,"reopened","no data","-","no data","normal","no data","reopened","no data","no data",NA,NA,"0","0","0","0","midwest","no data",-0.684218318584534,-1.05876986009198,-0.656231662127108,-1.70444189070381,-1.6167091588317,-0.673865817854366,-1.70063200608525,-1.49255703010036,-0.363264127154777,-1.25252887571594,2.16296059898031,0.777719319858926,0.493730341143826,-0.859603209068839,-1.3430070418038,-1.30697453371162,-0.551583111924127,-0.540568556276726,-0.937425287617477,-1.35906785296758,-1.72370354336187,-1.48846034941077,1.85254151144356,-0.384084776004764,-0.029334062246269,-0.698003721116767,-0.705972224453561,1.92703149305379,-0.694624849964293,1.00407827505839,2.05822116231054,1.82966920723013,1.75749103566661,0.756893109756715,-1.68655951735381
"42","TN",0.366052865670453,-0.217982871267393,-0.422417388114961,0.275054026740328,0.32970391201414,0.384972356580821,0.27838827609088,-0.70841287148803,-0.0575361726921178,-0.136964566669267,0.0381830233257467,-0.342617091295955,0.267507945311133,0.333967901762341,0.0381830233257467,-0.266378086336593,0.853899538658616,-0.342617091295955,0.164211084768465,0.044043015415973,0.235307346261892,-0.364473745049737,-0.931843159307241,0.565876152832674,"R","1",1.16386296821866,0.890078228838067,0.763797583254287,0.220197634602942,-0.142490380766267,0.0378128325893733,0.474248927038627,0.427248677248677,0.820883534136546,0.622616699539777,0.420168067226891,"reopened","lifted","-","all reopen","normal","reopened","reopened","none","Yes","31-Mar","30-Apr","0","0","1","0","south","30",0.776809109757203,0.3483394192395,-0.149352048922875,0.78414152047797,0.881917682066911,0.784598364177381,0.787356981535189,0.404720984506281,0.607426349600328,0.749466603429633,-0.043505520714582,0.904875469168826,-0.0260298689749724,0.529259356463676,0.577163140648976,0.646501554187884,1.05929854709703,0.89684431578141,0.905362968148143,0.621218048155242,0.351129034576477,0.51760698385408,1.04464637445391,-0.300070790395905,-0.884829037875418,0.555036665111173,1.1388881970373,1.05877063723311,0.565497060440986,0.0667631476701125,0.660751609720984,0.325351934259589,1.09711828172297,0.361489780549885,-0.633879787440672
"43","TX",3.54200157551276,2.14415194676885,0.107126901958647,1.56694004555788,1.48521361806686,3.44521228105905,1.56130465334225,-0.248837093070322,1.07371000769832,-0.340599162446144,3.05618182523174,2.22098189250634,4.03893143658285,2.88640940108121,3.05618182523174,-0.476819489915451,-0.54282209063315,2.22098189250634,-0.37570323809638,-0.38159007822851,2.29377450055934,-0.21239415310145,-1.1362075829587,0.19235836627141,"R","1",2.39561492091863,2.95246820676013,2.9389901201886,2.99849177887174,2.97518701772062,3.03737810252752,0.109442060085837,0.166005291005291,0.296385542168675,0.288625904010519,0.823529411764706,"restricted","lifted","Lifted","new closures","new limits","restricted","closed","public","Yes","31-Mar","30-Apr","1","0","1","0","south","30",1.79361738207331,1.50367491955372,0.773289178036751,1.51995815512561,1.54746532411127,1.77214578352552,1.51755324656548,0.121908333524796,2.13266795240295,1.80428650088729,-0.360465726865797,-0.460585802317642,1.54968415466649,-0.0260792104601949,0.033900925414337,1.69069744133834,1.47956753232481,1.5483331518606,1.64024214955355,1.77840198288422,1.902942315016,1.92576096133884,0.533916005162061,0.112201432397268,-0.834732579371415,-0.7733522619833,-0.702408101936058,0.414819812909789,-0.773479740365841,-1.16654623047236,-0.830205150896973,-0.716671399781683,-0.832711704371497,-0.950736971770266,0.89062211868535
"44","UT",-0.32885767660803,-0.621690286675274,-0.40794818359749,-0.487573028786266,-0.431663650734234,-0.325372572765012,-0.487076971728026,-1.15113111376451,0.716293626767663,-0.613126867048515,-0.445165339282473,0.134393615222528,-0.642457606361984,-0.647899428364063,-0.445165339282473,-0.544703813650566,-1.40360351120753,0.134393615222528,-0.846200005164316,-0.660408364118522,-0.472880894895487,-0.11956974628685,-0.341374541130994,0.391963109354414,"R","1",-0.514114965532433,-0.497830511649515,-0.368670492707541,-0.330338820993667,-0.463469113548488,-0.452475277371399,0.270386266094421,0.307539682539683,0.68433734939759,0.897435897435897,0.46218487394958,"reopened","lifted","Lifted","no data","normal","reopened","reopened","employees","Yes","27-Mar","1-May","0","0","1","0","west","35",0.0986031585486255,-0.769324131193131,-0.0911144921244571,-0.365514669923585,-0.263533189303787,0.104887547071509,-0.364002252507565,-0.623713507538864,-0.560927733984992,-0.626316241176377,-0.475806027163757,-1.64318233922807,0.562479247945935,-1.09988790551947,-0.936988097454574,-0.240394278598188,-0.159426098428076,-0.10874465922665,0.0387836568258096,0.052467871982473,-0.270376879233149,-0.218819464690885,0.686675845844989,-0.996078868778278,-0.383227146481115,-0.488037122583254,-0.318780826570552,0.708804671046278,-0.485908217935067,-0.130566352832683,-0.171520042074544,-0.151154459793161,0.594431706868863,1.44070186796456,-0.475387347676382
"45","VA",0.00967028381214831,-0.142407312458808,0.289713393430897,-0.0371214613564847,0.0246126220038849,0.0155462027927244,-0.0370900137598399,-0.209562871373652,-0.0728551162745067,0.0543706932306834,0.269282379992795,-0.362951369612182,-0.0723587065185851,0.149375278880702,0.269282379992795,-0.775510514349958,-0.588018577024349,-0.362951369612182,-0.0864634222759272,-0.039873583320934,0.112554717794613,0.481737019428989,0.208041556212107,0.111769872639438,"D","0",0.0235598843694734,0.0230007624164183,0.234872232932748,0.330073903638153,0.269935035532277,0.268712857592303,0.145207439198856,0.173280423280423,0.376706827309237,0.447074293228139,0.744772327535665,"reopened","lifted","-","all restricted reopen","normal","reopened","closed","public","Yes","24-Mar","10-Jun","1","0","1","0","south","78",0.500346156482227,0.442046840152036,0.915017698566883,0.464596642556301,0.575309466047053,0.50261817548148,0.465070439455539,0.596360375888838,0.290503910323458,0.600477349500073,-0.934148920590199,-0.514242633590047,-0.0629363089186628,0.309639551922036,0.497814095666548,0.536167775723577,0.405303223891327,0.396433937026367,0.592353459796081,0.704152331495978,0.789743317054877,0.734809512494084,-0.517792522665403,-0.388612475827996,0.56516828983992,-0.635330434959912,-0.423154408113149,-0.5174999618544,-0.633132816652666,-0.821219604592469,-0.683072951638374,-0.686711006170721,-0.537220424380681,-0.330335620160527,0.593077666748503
"46","VT",-0.827101190478041,-0.703005761342738,-0.559594597425661,-0.745067890548056,-0.670130946706661,-0.837126553642456,-0.744513230906033,0.257358710111926,-1.51120478869845,-0.507677170283806,-0.799984662941319,-0.71571905297444,-1.03714146009972,-0.891340380611238,-0.799984662941319,-0.0627251151312467,-1.03411199406377,-0.71571905297444,-0.495255695302167,-0.565476017341334,-0.841138780297324,2.53165611546484,0.0381311260620413,0.564997804128239,"D","0",-1.11731051665186,-1.03486795965186,-1.06195683333718,-0.969197907121946,-0.695408085854472,-0.801863417903817,0.213876967095851,0.493386243386243,0.304417670682731,0.161735700197239,0.73343756107094,"reopened","lifted","Rolled Back to Certain States","some restricted reopen","above 25 banned","restricted","reopened","public","Yes","24-Mar","15-May","1","1","1","0","northeast","52",-2.98793434295903,-2.27203169489502,-2.81688105625365,-1.96326197301286,-1.72404931483546,-3.00024079993027,-1.96298782306233,-0.24015813751163,-2.08115152332123,-2.08525720263966,0.218039423503827,-1.08948689958885,-1.30481587081875,-0.207494386263466,-0.447957834411344,-1.41002214861557,-1.99111975536514,-1.29536861901088,-2.06240103295504,-2.17850243775172,-1.49142500706126,-1.8126725528239,-2.20403423034147,-1.2078746049539,-1.21267614274624,-0.61200296106684,-0.280497118146507,-2.19727925401485,-0.615180946238445,2.12227877790757,-0.402213957247764,0.590148942497648,-0.802315258828699,-1.44972647929313,0.550205622798768
"47","WA",-0.333062533617064,-0.346174325449042,0.0106579131046124,-0.0893756471867774,-0.0045809647944487,-0.335173695121495,-0.0826565335323984,-0.10815841463661,-0.69131151207696,-0.323745444944252,0.158439233913983,-0.0487197655575243,-0.0833221469001889,-0.24048791737189,0.158439233913983,-0.69404932586782,-1.47528978116335,-0.0487197655575243,-0.495255695302167,-0.480888770731509,-0.142393049022044,-0.280052103529176,0.615508202704207,0.339920948616601,"D","0",-0.34965946809104,-0.239925116637651,-0.0775154578289142,0.172683791827449,0.188376875231682,0.144135139476478,0.0951359084406295,0.148148148148148,0.296385542168675,0.437869822485207,0.788547977330467,"reopened","lifted","-","some reopen","above 10 banned","restricted","closed","public","Yes","25-Mar","31-May","1","0","1","0","west","67",0.092065131767493,0.150606316440637,0.681813101192277,0.398528671239183,0.539673254503655,0.0898899395056985,0.407733651394137,0.150036037059491,0.278737925020914,0.181443845947542,-0.758828427222734,-1.7607396264701,0.381318032832831,-0.207494386263466,-0.186147901760594,0.263173996490442,0.0487884755259746,0.174047516368677,0.345067775190931,0.583099349126586,0.718814136264493,0.623662565516468,-1.1878966223822,-0.683416042096207,0.115856862431547,-0.565951647985116,-0.263034044509115,-1.18953032465581,-0.548578277895294,-1.13365798038856,-0.888565992663421,-0.787530527256429,-0.83338553904177,-0.364310791591348,0.758367092119006
"48","WI",0.12181130620197,-0.430040873831564,-0.333205877732338,-0.198796500953041,-0.161650170049648,0.192484087649786,-0.199351086299913,-0.930138986581837,0.674044545406577,-0.358439743656739,-0.101633270608235,-0.192026902940309,0.366178908745568,0.0149127143474831,-0.101633270608235,0.0730435323389843,0.341308572155411,-0.192026902940309,-0.071037298765503,-0.297659210387923,-0.236818147843027,-0.00259349084494474,-0.101610462555627,0.0118577075098815,"R","1",0.625988670873421,1.16457137172294,0.56177573518019,0.200456978001664,-0.29276311360506,-0.0984177017817235,0.42346208869814,0.583333333333333,0.873092369477912,0.831689677843524,0.312683212820012,"restricted","lifted","-","all reopen","new limits","reopened","reopened","public","Yes","25-Mar","13-May","1","0","1","0","midwest","49",0.598228254669647,-0.0207534485964168,0.142107785843509,0.242883040059719,0.319233941718322,0.650207430961263,0.242466109348376,0.0908820680466149,0.685622571077895,0.47542001039471,0.373519513378373,0.459282587865042,0.206657126300828,0.324677122312444,0.178486193247484,0.141564867800073,0.801853700194735,1.01325656500714,0.797406864403784,0.605557542233762,0.11355777555675,0.362290472389712,0.811539280172772,-0.677127570119496,-0.540798530664092,-0.390989417809233,-0.208934495467885,1.02190141223846,-0.391246806463089,-0.788331354508669,0.452310431650661,0.950138004440984,1.28809721327139,1.18147557137141,-1.03979564967377
"49","WV",-0.730123286681172,-0.644649950110793,-0.534104777451601,-0.581926786873432,-0.503973865265183,-0.738403516722124,-0.580903964447786,-0.288328814904045,-1.03272554159768,-0.485885020748143,-0.646240750096282,-0.543011695424411,-0.620530725598776,-0.553004401523911,-0.646240750096282,0.40567671864105,1.87006948344201,-0.543011695424411,-0.248437719135381,-0.324556470823065,-0.3973408158387,-1.66227212815248,-0.468043053012231,0.920509442248573,"R","1",-0.536736737771777,-0.709436839904947,-0.63224527232676,-0.713333729528931,-0.609573953459464,-0.6437900438749,0.536480686695279,0.414021164021164,0.855421686746988,0.622616699539777,0.39828024232949,"restricted","lifted","Lifted","some restricted reopen","new limits","restricted","reopened","public","Yes","24-Mar","4-May","1","0","1","0","south","41",-1.12754034833423,-0.961890096097049,-1.11009695983137,-0.698797727181413,-0.51485175274655,-1.1344254901234,-0.695037738873039,-0.181232189191971,-0.514088873909462,-0.369690517143683,0.706044994615647,1.65730218900203,-0.486636843416819,0.135969918845881,0.135243519024829,-0.102916439574605,-0.191727006760542,-0.424559727364235,-0.358871737010625,-0.711681448535231,-0.831001141968656,-0.785213565154315,-1.31919384052862,-0.846664774611624,-0.980895135048371,-0.0567175705312868,0.449518549117647,-1.31721312743965,-0.0506976059288549,2.99381740512825,0.916251950577449,0.273316988575458,1.22477448675705,0.359865274063379,-0.716871254960446
"50","WY",-0.78390897815312,-0.701411340270827,-0.542385966440257,-0.763556212038838,-0.69254593225909,-0.792486398592714,-0.763041006467748,-1.10280468247458,0.368249611330423,-0.740656283713416,-0.808144523833199,0.308289566691328,-0.872689854375664,-0.875748088215242,-0.808144523833199,1.89234340844008,-0.071740888066272,0.308289566691328,-0.965752462370103,-0.735249812915509,-0.935563879118308,-1.78527327090894,-0.227827905808549,1,"R","1",-0.875970245888385,-0.885955515383767,-0.999375138207854,-0.923146000972468,-0.734040803822152,-0.807983873105363,0.910586552217454,0.933201058201058,0.753413654618474,0.811308349769888,0.111784248583154,"reopened","no data","Lifted","no data","normal","reopened","reopened","no data","no data",NA,NA,"0","0","0","0","west","no data",-1.67696222508277,-2.16727209385678,-1.32539205741156,-2.33133878526474,-2.15608271984306,-1.67661465287086,-2.33357000436077,-2.00439694194673,-1.21146154376392,-1.8888420362778,1.71907847231415,0.057332859458255,0.704914942333819,-1.79354187740744,-1.99187008111847,-2.15944014237806,-0.865218291971549,-0.800444683968856,-1.54848371665718,-1.70733710421353,-2.11527206550753,-1.88595224603379,-0.663608279413442,-1.14624757958214,-0.666138929553043,-1.0462053521698,-1.01435032006649,-0.639576744104055,-1.05119287176444,-0.311451728293579,2.44474559585414,2.34542276712972,0.849980550154679,1.10042845205019,-1.79930395294338
